{"nm":"loading(2)_ looped","ddd":0,"h":600,"w":600,"meta":{"g":"@lottiefiles/toolkit-js 0.33.2"},"layers":[{"ty":4,"nm":"Shape Layer 1","sr":1,"st":0,"op":24,"ip":0,"hd":false,"ddd":0,"bm":0,"hasMask":false,"ao":0,"ks":{"a":{"a":0,"k":[0,0,0]},"s":{"a":0,"k":[40,40,100]},"sk":{"a":0,"k":0},"p":{"a":0,"k":[300,300,0]},"r":{"a":1,"k":[{"o":{"x":0.167,"y":0.167},"i":{"x":0.833,"y":0.833},"s":[0],"t":0},{"s":[230],"t":23}]},"sa":{"a":0,"k":0},"o":{"a":0,"k":100}},"ef":[],"shapes":[{"ty":"gr","bm":0,"hd":false,"mn":"ADBE Vector Group","nm":"Ellipse 1","ix":1,"cix":2,"np":4,"it":[{"ty":"el","bm":0,"hd":false,"mn":"ADBE Vector Shape - Ellipse","nm":"Ellipse Path 1","d":1,"p":{"a":0,"k":[0,0]},"s":{"a":0,"k":[155,155]}},{"ty":"st","bm":0,"hd":false,"mn":"ADBE Vector Graphic - Stroke","nm":"Stroke 1","lc":2,"lj":1,"ml":4,"o":{"a":0,"k":100},"w":{"a":0,"k":40},"d":[{"nm":"dash","n":"d","v":{"a":0,"k":0}},{"nm":"gap","n":"g","v":{"a":1,"k":[{"o":{"x":0.167,"y":0.167},"i":{"x":0.833,"y":0.833},"s":[61],"t":12},{"s":[50],"t":24}]}},{"nm":"offset","n":"o","v":{"a":0,"k":0}}],"c":{"a":0,"k":[0.0588,0.5059,0.0314]}},{"ty":"tm","bm":0,"hd":false,"mn":"ADBE Vector Filter - Trim","nm":"Trim Paths 1","ix":4,"e":{"a":1,"k":[{"o":{"x":0.167,"y":0.167},"i":{"x":0.517,"y":0.995},"s":[1],"t":0},{"o":{"x":0.167,"y":0},"i":{"x":0.833,"y":1},"s":[35],"t":11},{"s":[38],"t":12}],"ix":2},"o":{"a":0,"k":-90,"ix":3},"s":{"a":1,"k":[{"o":{"x":0.417,"y":0.006},"i":{"x":0.506,"y":0.982},"s":[0],"t":12},{"s":[35],"t":24}],"ix":1},"m":1},{"ty":"tr","a":{"a":0,"k":[0,0],"ix":1},"s":{"a":0,"k":[100,100],"ix":3},"sk":{"a":0,"k":0,"ix":4},"p":{"a":0,"k":[0.031,-0.031],"ix":2},"r":{"a":0,"k":0,"ix":6},"sa":{"a":0,"k":0,"ix":5},"o":{"a":0,"k":100,"ix":7}}]},{"ty":"gr","bm":0,"hd":false,"mn":"ADBE Vector Group","nm":"Ellipse 2","ix":2,"cix":2,"np":4,"it":[{"ty":"el","bm":0,"hd":false,"mn":"ADBE Vector Shape - Ellipse","nm":"Ellipse Path 1","d":1,"p":{"a":0,"k":[0,0]},"s":{"a":0,"k":[155,155]}},{"ty":"st","bm":0,"hd":false,"mn":"ADBE Vector Graphic - Stroke","nm":"Stroke 1","lc":2,"lj":1,"ml":4,"o":{"a":0,"k":100},"w":{"a":0,"k":40},"d":[{"nm":"dash","n":"d","v":{"a":0,"k":0}},{"nm":"gap","n":"g","v":{"a":1,"k":[{"o":{"x":0.167,"y":0.167},"i":{"x":0.833,"y":0.833},"s":[61],"t":12},{"s":[50],"t":24}]}},{"nm":"offset","n":"o","v":{"a":0,"k":0}}],"c":{"a":0,"k":[0.0588,0.5059,0.0314]}},{"ty":"tm","bm":0,"hd":false,"mn":"ADBE Vector Filter - Trim","nm":"Trim Paths 1","ix":4,"e":{"a":1,"k":[{"o":{"x":0.167,"y":0.167},"i":{"x":0.517,"y":0.995},"s":[1],"t":0},{"o":{"x":0.167,"y":0},"i":{"x":0.833,"y":1},"s":[35],"t":11},{"s":[38],"t":12}],"ix":2},"o":{"a":0,"k":-90,"ix":3},"s":{"a":1,"k":[{"o":{"x":0.417,"y":0.006},"i":{"x":0.506,"y":0.982},"s":[0],"t":12},{"s":[35],"t":24}],"ix":1},"m":1},{"ty":"tr","a":{"a":0,"k":[0,0],"ix":1},"s":{"a":0,"k":[100,100],"ix":3},"sk":{"a":0,"k":0,"ix":4},"p":{"a":0,"k":[0.031,-0.031],"ix":2},"r":{"a":0,"k":180,"ix":6},"sa":{"a":0,"k":0,"ix":5},"o":{"a":0,"k":100,"ix":7}}]}],"ind":1}],"v":"4.6.3","fr":25,"op":24,"ip":0,"assets":[]}